{"version": {"json_export": "202", "page_segmentation": "5", "schema": "1.1.0", "structure": "1.1085.0", "table_structure": "5"}, "extended_metadata": {"ID_instance": "F8 31 60 42 CA B9 B2 11 0A 00 67 45 8B 6B C6 23 ", "ID_permanent": "32 35 20 43 45 20 35 45 20 34 32 20 43 41 20 42 39 20 42 32 20 31 31 20 30 41 20 30 30 20 36 37 20 34 35 20 38 42 20 36 42 20 43 36 20 32 33 20 ", "has_acroform": false, "has_embedded_files": false, "is_XFA": false, "is_certified": false, "is_encrypted": false, "is_digitally_signed": false, "language": "la", "page_count": 1, "pdf_version": "1.6", "pdfa_compliance_level": "", "pdfua_compliance_level": "PDF/UA-1"}, "elements": [{"Bounds": [72.01400756835938, 735.9194488525391, 219.9921875, 770.0318756103516], "Font": {"alt_family_name": "Calibri", "embedded": true, "encoding": "WinAnsiEncoding", "family_name": "Calibri", "font_type": "TrueType", "italic": false, "monospaced": false, "name": "ABCXYZ+Calibri-Light", "subset": true, "weight": 300}, "HasClip": true, "Lang": "en", "ObjectID": 49, "Page": 0, "Path": "//Document/Sect/Title", "Text": "Lorem Ipsum ", "TextSize": 27.96099853515625, "attributes": {"LineHeight": 33.5, "SpaceAfter": 9.75}}, {"Bounds": [72.01351928710938, 381.3085174560547, 504.09458923339844, 735.8719177246094], "ObjectID": 50, "Page": 0, "Path": "//Document/Sect/Figure", "attributes": {"BBox": [71.99709999999686, 381.29999999998836, 504.0989999999874, 735.8849999999802], "Placement": "Block"}}, {"Bounds": [72.01400756835938, 358.3002014160156, 137.9796142578125, 373.07305908203125], "Font": {"alt_family_name": "Calibri", "embedded": true, "encoding": "WinAnsiEncoding", "family_name": "Calibri", "font_type": "TrueType", "italic": false, "monospaced": false, "name": "ABCXYZ+Calibri", "subset": true, "weight": 400}, "HasClip": true, "Lang": "en", "ObjectID": 51, "Page": 0, "Path": "//Document/Sect/P", "Text": "Dolor sit amet ", "TextSize": 11.041000366210938, "attributes": {"LineHeight": 13.25, "SpaceAfter": 14.25}}, {"Bounds": [72.01351928710938, 112.75679016113281, 523.3982391357422, 349.74916076660156], "ObjectID": 52, "Page": 0, "Path": "//Document/Sect/Figure[2]", "attributes": {"BBox": [71.99709999999686, 112.75099999999657, 523.4189999999944, 349.74099999999453], "Placement": "Block"}}, {"Bounds": [72.01400756835938, 89.81221008300781, 192.23736572265625, 104.58506774902344], "Font": {"alt_family_name": "Calibri", "embedded": true, "encoding": "WinAnsiEncoding", "family_name": "Calibri", "font_type": "TrueType", "italic": false, "monospaced": false, "name": "ABCXYZ+Calibri", "subset": true, "weight": 400}, "HasClip": true, "Lang": "en", "ObjectID": 53, "Page": 0, "Path": "//Document/Sect/P[2]", "Text": "Consectetur adi\u00fciscing elit ", "TextSize": 11.041000366210938, "attributes": {"LineHeight": 13.25}}], "pages": [{"boxes": {"CropBox": [0.0, 0.0, 595.3200073242188, 841.9610595703125], "MediaBox": [0.0, 0.0, 595.3200073242188, 841.9610595703125]}, "height": 841.9610595703125, "is_scanned": false, "page_number": 0, "rotation": 0, "width": 595.3200073242188}]}