{"version": {"json_export": "202", "page_segmentation": "5", "schema": "1.1.0", "structure": "1.1085.0", "table_structure": "5"}, "extended_metadata": {"ID_instance": "8A 8A FB 42 CA B9 B2 11 0A 00 67 45 8B 6B C6 23 ", "ID_permanent": "44 38 20 34 38 20 46 41 20 34 32 20 43 41 20 42 39 20 42 32 20 31 31 20 30 41 20 30 30 20 36 37 20 34 35 20 38 42 20 36 42 20 43 36 20 32 33 20 ", "has_acroform": false, "has_embedded_files": false, "is_XFA": false, "is_certified": false, "is_encrypted": false, "is_digitally_signed": false, "language": "de-AT", "page_count": 1, "pdf_version": "1.6", "pdfa_compliance_level": "", "pdfua_compliance_level": ""}, "elements": [{"Bounds": [72.02400207519531, 736.2700042724609, 220.63868713378906, 768.3680725097656], "Font": {"alt_family_name": "Calibri", "embedded": true, "encoding": "Identity-H", "family_name": "Calibri", "font_type": "CIDFontType2", "italic": false, "monospaced": false, "name": "BCDEEE+Calibri-Light", "subset": true, "weight": 300}, "HasClip": true, "Lang": "en", "ObjectID": 58, "Page": 0, "Path": "//Document/Sect/Title", "Text": "Lorem Ipsum ", "TextSize": 27.960006713867188, "attributes": {"LineHeight": 33.5, "SpaceAfter": 9.75}}, {"Bounds": [72.0, 381.24000549316406, 504.0, 735.7400054931641], "ObjectID": 59, "Page": 0, "Path": "//Document/Sect/Figure", "attributes": {"BBox": [71.99709999999686, 381.2589999999909, 503.9789999999921, 735.7239999999874], "Placement": "Block"}}, {"Bounds": [72.02400207519531, 358.8500061035156, 137.86656188964844, 371.52392578125], "Font": {"alt_family_name": "Calibri", "embedded": true, "encoding": "Identity-H", "family_name": "Calibri", "font_type": "CIDFontType2", "italic": true, "monospaced": false, "name": "BCDHEE+Calibri-Italic", "subset": true, "weight": 400}, "HasClip": true, "Lang": "en", "ObjectID": 60, "Page": 0, "Path": "//Document/Sect/P", "Text": "Dolor sit amet ", "TextSize": 11.039993286132812, "attributes": {"LineHeight": 13.25, "SpaceAfter": 14.125}}, {"Bounds": [72.0, 112.74000549316406, 523.3000030517578, 349.69000244140625], "ObjectID": 61, "Page": 0, "Path": "//Document/Sect/Figure[2]", "attributes": {"BBox": [71.99709999999686, 112.82999999999811, 523.2989999999991, 349.6999999999971], "Placement": "Block"}}, {"Bounds": [72.02400207519531, 90.38400268554688, 191.64239501953125, 103.05792236328125], "Font": {"alt_family_name": "Calibri", "embedded": true, "encoding": "Identity-H", "family_name": "Calibri", "font_type": "CIDFontType2", "italic": true, "monospaced": false, "name": "BCDHEE+Calibri-Italic", "subset": true, "weight": 400}, "HasClip": true, "Lang": "en", "ObjectID": 62, "Page": 0, "Path": "//Document/Sect/P[2]", "Text": "Consectetur adi\u00fciscing elit ", "TextSize": 11.039993286132812, "attributes": {"LineHeight": 13.25}}], "pages": [{"boxes": {"CropBox": [0.0, 0.0, 595.3200073242188, 841.9199829101562], "MediaBox": [0.0, 0.0, 595.3200073242188, 841.9199829101562]}, "height": 841.9199829101562, "is_scanned": false, "page_number": 0, "rotation": 0, "width": 595.3200073242188}]}